date,truth,cnn_lstm_pred
2016-08-07,356181.0,367790.9609375
2016-08-08,390745.0,381081.552734375
2016-08-09,416957.0,395892.53076171875
2016-08-10,431561.0,421510.65771484375
2016-08-11,451348.0,436368.45361328125
2016-08-12,453654.0,445434.9111328125
2016-08-13,415169.0,411382.37890625
2016-08-14,374473.0,386258.01171875
2016-08-15,399877.0,394876.07421875
2016-08-16,409158.0,421590.953125
2016-08-17,399285.0,401813.98583984375
2016-08-18,403068.0,404331.66259765625
2016-08-19,402047.0,406923.1359863281
2016-08-20,368283.0,378841.087890625
2016-08-21,339465.0,352455.0361328125
2016-08-22,357764.0,350731.005859375
2016-08-23,365061.0,371141.28515625
2016-08-24,376490.0,375761.837890625
2016-08-25,429018.0,381080.6328125
2016-08-26,431482.0,422598.88330078125
2016-08-27,397055.0,397999.8046875
2016-08-28,388932.0,388322.62109375
2016-08-29,420985.0,423927.83203125
2016-08-30,413518.0,427286.357421875
2016-08-31,406980.0,413374.96322631836
2016-09-01,370700.0,404846.12158203125
2016-09-02,340165.0,348985.046875
2016-09-03,305640.0,308192.060546875
2016-09-04,306428.0,300608.70556640625
2016-09-05,331832.0,350302.640625
2016-09-06,404384.0,378454.97265625
2016-09-07,431090.0,412625.1181640625
2016-09-08,431329.0,425008.23388671875
2016-09-09,409511.0,391446.82421875
2016-09-10,378551.0,360428.02734375
2016-09-11,322234.0,356407.5625
2016-09-12,351463.0,337448.7109375
2016-09-13,367593.0,355740.6494140625
2016-09-14,364287.0,372969.30615234375
2016-09-15,349713.0,365670.1485595703
2016-09-16,358850.0,345828.45849609375
2016-09-17,344431.0,339848.5703125
2016-09-18,329967.0,326231.55859375
2016-09-19,372759.0,356879.677734375
2016-09-20,375647.0,380414.62890625
2016-09-21,372387.0,369419.7744140625
2016-09-22,378656.0,369165.8186035156
2016-09-23,383382.0,369546.2705078125
2016-09-24,338878.0,346652.3125
2016-09-25,317374.0,322650.630859375
2016-09-26,334557.0,348479.47265625
2016-09-27,324120.0,336885.43701171875
2016-09-28,319659.0,323699.16635131836
2016-09-29,318712.0,321018.6473388672
2016-09-30,313591.0,315058.3151855469
2016-10-01,282452.0,288898.1484375
2016-10-02,270336.0,275917.77392578125
2016-10-03,310866.0,305312.3828125
2016-10-04,321058.0,315872.72607421875
2016-10-05,326218.0,317689.3063964844
2016-10-06,331856.0,321469.6357421875
2016-10-07,325892.0,320902.1767578125
2016-10-08,283893.0,290959.1015625
2016-10-09,271418.0,268976.607421875
2016-10-10,311872.0,316197.63671875
2016-10-11,315566.0,317000.30517578125
2016-10-12,317391.0,318246.845703125
2016-10-13,310616.0,317408.99997520447
2016-10-14,305250.0,308188.8522949219
2016-10-15,281916.0,288721.609375
2016-10-16,278563.0,267307.7998046875
2016-10-17,331368.0,315348.24609375
2016-10-18,336925.0,335413.7409667969
2016-10-19,338136.0,323467.59765625
2016-10-20,326810.0,331888.73974609375
2016-10-21,310779.0,309264.875
2016-10-22,287976.0,285647.939453125
2016-10-23,283301.0,278909.08203125
2016-10-24,307551.0,328263.18359375
2016-10-25,321346.0,313788.1943359375
2016-10-26,324548.0,325416.6833496094
2016-10-27,320289.0,326873.18896484375
2016-10-28,313778.0,317868.07275390625
2016-10-29,291222.0,298592.5625
2016-10-30,277001.0,269932.505859375
2016-10-31,310822.0,321329.64453125
2016-11-01,319728.0,319931.494140625
2016-11-02,319618.0,319664.5380859375
2016-11-03,314754.0,319149.1967163086
2016-11-04,307366.0,310873.28076171875
2016-11-05,294282.0,295366.82421875
2016-11-06,300132.0,284616.8076171875
2016-11-07,322081.0,337432.29296875
2016-11-08,324311.0,324491.6413574219
2016-11-09,326620.0,325012.8280029297
2016-11-10,339826.0,334342.03173828125
2016-11-11,328356.0,339601.6705169678
2016-11-12,317050.0,299718.48828125
2016-11-13,318950.0,335881.4375
2016-11-14,351377.0,354698.83203125
2016-11-15,346245.0,354339.32568359375
2016-11-16,336223.0,347938.69091796875
2016-11-17,334426.0,335907.89361572266
2016-11-18,322851.0,329079.3388671875
2016-11-19,321217.0,287607.91015625
2016-11-20,346068.0,351181.25390625
2016-11-21,377543.0,390893.390625
2016-11-22,381512.0,381393.87890625
2016-11-23,367333.0,382601.3466796875
2016-11-24,291570.0,362187.07421875
2016-11-25,296893.0,282910.2685546875
2016-11-26,314512.0,305053.244140625
2016-11-27,324583.0,320164.99169921875
2016-11-28,356965.0,359759.38671875
2016-11-29,331295.0,358686.6201171875
2016-11-30,329918.0,332585.46337890625
2016-12-01,357346.0,340316.4853515625
2016-12-02,370998.0,370287.2431640625
2016-12-03,346435.0,344556.12890625
2016-12-04,342712.0,330993.3642578125
2016-12-05,362605.0,373415.73828125
2016-12-06,376860.0,369767.35498046875
2016-12-07,374652.0,383684.81884765625
2016-12-08,403611.0,388675.4169921875
2016-12-09,426502.0,403034.60705566406
2016-12-10,404482.0,396023.830078125
2016-12-11,379886.0,373201.548828125
2016-12-12,380072.0,396963.18359375
2016-12-13,395825.0,377717.96240234375
2016-12-14,411744.0,394753.17346191406
2016-12-15,461919.0,431929.150390625
2016-12-16,469464.0,451326.716796875
2016-12-17,378912.0,413881.8203125
2016-12-18,358696.0,346724.04296875
2016-12-19,427475.0,396547.77734375
2016-12-20,433923.0,423248.572265625
2016-12-21,410645.0,415911.05078125
2016-12-22,381689.0,393310.126953125
2016-12-23,372437.0,369591.5224609375
2016-12-24,318380.0,342296.8125
2016-12-25,292305.0,308604.0205078125
2016-12-26,293817.0,320122.181640625
2016-12-27,323425.0,317217.453125
2016-12-28,357566.0,366492.98046875
2016-12-29,356271.0,357966.8432006836
2016-12-30,374018.0,354766.9211425781
2016-12-31,359505.0,360355.974609375
2017-01-01,313746.0,338825.873046875
2017-01-02,323486.0,360264.4296875
2017-01-03,346960.0,342325.119140625
2017-01-04,375407.0,368845.6328125
2017-01-05,434529.0,417983.58984375
2017-01-06,448984.0,425688.802734375
2017-01-07,449971.0,421764.552734375
2017-01-08,454685.0,425851.494140625
2017-01-09,470170.0,439157.2353515625
2017-01-10,418391.0,431415.13671875
2017-01-11,373521.0,399752.904296875
2017-01-12,345408.0,398629.068359375
2017-01-13,362732.0,338214.40087890625
2017-01-14,353356.0,348363.1591796875
2017-01-15,339578.0,336745.59375
2017-01-16,366121.0,364861.92578125
2017-01-17,350650.0,359290.6494140625
2017-01-18,354859.0,346118.36865234375
2017-01-19,365190.0,358815.53662109375
2017-01-20,347073.0,360436.4853515625
2017-01-21,309393.0,326186.818359375
2017-01-22,295093.0,300306.4716796875
2017-01-23,346275.0,343382.484375
2017-01-24,363668.0,375162.0625
2017-01-25,356699.0,364671.6957397461
2017-01-26,371210.0,359680.7897949219
2017-01-27,401521.0,368228.04931640625
2017-01-28,374646.0,375888.408203125
2017-01-29,362073.0,362321.404296875
2017-01-30,412152.0,398050.31640625
2017-01-31,393704.0,432526.947265625
2017-02-01,370693.0,387978.10546875
2017-02-02,386991.0,375880.31591796875
2017-02-03,413014.0,393002.52197265625
2017-02-04,400462.0,387297.84765625
2017-02-05,347857.0,368126.482421875
2017-02-06,363434.0,385243.06640625
2017-02-07,337230.0,365308.95349121094
2017-02-08,343832.0,339839.0712890625
2017-02-09,405701.0,381051.5703125
2017-02-10,419127.0,408726.68994140625
2017-02-11,328529.0,377990.6015625
2017-02-12,297811.0,293856.12890625
2017-02-13,364047.0,354601.390625
2017-02-14,372826.0,384319.642578125
2017-02-15,375118.0,355478.78515625
2017-02-16,392742.0,389750.001953125
2017-02-17,355436.0,389444.7373046875
2017-02-18,307777.0,312971.87890625
2017-02-19,292549.0,302024.69384765625
2017-02-20,335623.0,341999.54296875
2017-02-21,329349.0,365995.166015625
2017-02-22,325986.0,330088.99548339844
2017-02-23,322496.0,328247.16064453125
2017-02-24,314679.0,323656.62170410156
2017-02-25,307855.0,302174.6806640625
2017-02-26,331959.0,332294.50390625
2017-02-27,360988.0,377691.06640625
2017-02-28,351229.0,357658.8962402344
2017-03-01,323502.0,352175.2417602539
2017-03-02,363024.0,343791.90234375
2017-03-03,383378.0,366047.2521972656
2017-03-04,365088.0,349650.2734375
2017-03-05,334128.0,328737.9765625
2017-03-06,347941.0,349885.09375
2017-03-07,336318.0,346692.5535888672
2017-03-08,337121.0,339118.6501464844
2017-03-09,338102.0,340227.77978515625
2017-03-10,356503.0,315672.462890625
2017-03-11,364775.0,344782.2666015625
2017-03-12,338297.0,345135.5625
2017-03-13,390773.0,369650.453125
2017-03-14,411768.0,387958.94140625
2017-03-15,441180.0,413700.37048339844
2017-03-16,410804.0,419470.05859375
2017-03-17,404742.0,373177.01171875
2017-03-18,337890.0,376849.228515625
2017-03-19,326664.0,317416.8046875
2017-03-20,365447.0,348385.3984375
2017-03-21,337603.0,359492.0703125
2017-03-22,352558.0,327966.38671875
2017-03-23,368283.0,361154.3798828125
2017-03-24,327640.0,328176.20703125
2017-03-25,282371.0,284895.91796875
2017-03-26,278566.0,272766.279296875
2017-03-27,315108.0,320124.55078125
2017-03-28,319747.0,312628.1477050781
2017-03-29,321696.0,321190.5439453125
2017-03-30,326227.0,325345.1203613281
2017-03-31,320400.0,318212.58935546875
2017-04-01,301661.0,310293.0419921875
2017-04-02,288970.0,299208.7067871094
2017-04-03,321152.0,322276.375
2017-04-04,318406.0,325778.90771484375
2017-04-05,321238.0,316769.92443847656
2017-04-06,332395.0,322110.0174560547
2017-04-07,353238.0,324920.037109375
2017-04-08,309547.0,320331.2265625
2017-04-09,285841.0,274920.92578125
2017-04-10,315282.0,322248.8671875
2017-04-11,316301.0,319711.26513671875
2017-04-12,311224.0,315248.4147949219
2017-04-13,312043.0,317005.14697265625
2017-04-14,292669.0,302648.88671875
2017-04-15,278843.0,266087.646484375
2017-04-16,273607.0,274521.30126953125
2017-04-17,310937.0,311302.9296875
2017-04-18,314165.0,317723.640625
2017-04-19,318416.0,322941.736328125
2017-04-20,330834.0,318240.1514892578
2017-04-21,313618.0,329556.2619628906
2017-04-22,284761.0,281951.97265625
2017-04-23,279849.0,277042.12939453125
2017-04-24,315361.0,323872.59765625
2017-04-25,317878.0,323082.88232421875
2017-04-26,327966.0,320879.0888671875
2017-04-27,320067.0,335231.6201171875
2017-04-28,312725.0,309618.4873046875
2017-04-29,299276.0,291029.751953125
2017-04-30,301326.0,298390.62713623047
2017-05-01,319152.0,340837.421875
2017-05-02,303699.0,322447.31201171875
2017-05-03,303434.0,307080.3935546875
2017-05-04,310316.0,313432.4833984375
2017-05-05,311426.0,309469.4532470703
2017-05-06,285119.0,289516.615234375
2017-05-07,277479.0,274352.9443359375
2017-05-08,319093.0,322476.0859375
2017-05-09,321703.0,328420.333984375
2017-05-10,321062.0,324512.6726074219
2017-05-11,321147.0,325624.759765625
2017-05-12,307128.0,313703.5302734375
2017-05-13,281278.0,275555.865234375
2017-05-14,275728.0,279789.71423339844
2017-05-15,320359.0,317506.80859375
2017-05-16,343501.0,330263.9208984375
2017-05-17,366210.0,352829.306640625
2017-05-18,373616.0,362554.5634765625
2017-05-19,349806.0,342835.916015625
2017-05-20,310297.0,312467.1875
2017-05-21,290532.0,298276.6708984375
2017-05-22,317686.0,315625.361328125
2017-05-23,318452.0,333480.5048828125
2017-05-24,316618.0,321405.77197265625
2017-05-25,315618.0,319922.7634277344
2017-05-26,313804.0,308302.69482421875
2017-05-27,296762.0,287164.427734375
2017-05-28,289032.0,289757.6953125
2017-05-29,298335.0,314052.953125
2017-05-30,336130.0,337529.0
2017-05-31,332559.0,340611.2978515625
2017-06-01,333187.0,328945.4436035156
2017-06-02,334701.0,325319.3447265625
2017-06-03,316653.0,322306.849609375
2017-06-04,322109.0,315843.5284423828
2017-06-05,350677.0,367331.21875
2017-06-06,329621.0,351915.6563720703
2017-06-07,313472.0,329401.2278289795
2017-06-08,323411.0,315881.62841796875
2017-06-09,331719.0,325843.9020996094
2017-06-10,331600.0,307449.806640625
2017-06-11,346270.0,326347.15283203125
2017-06-12,404897.0,392069.96484375
2017-06-13,403566.0,410333.31201171875
2017-06-14,393390.0,395442.07373046875
2017-06-15,396435.0,390866.1672363281
2017-06-16,392548.0,371137.482421875
2017-06-17,374074.0,355906.48046875
2017-06-18,363425.0,361333.5439453125
2017-06-19,365554.0,353458.435546875
2017-06-20,353230.0,354230.626953125
2017-06-21,369285.0,347273.40576171875
2017-06-22,392204.0,381408.8203125
2017-06-23,373786.0,372703.103515625
2017-06-24,331467.0,327184.44921875
2017-06-25,301469.0,323977.46044921875
2017-06-26,324014.0,334811.58984375
2017-06-27,326931.0,333409.67578125
2017-06-28,334595.0,332925.23779296875
2017-06-29,376990.0,346423.51171875
2017-06-30,388870.0,374230.2609863281
2017-07-01,354699.0,354844.33203125
2017-07-02,346142.0,339015.4765625
2017-07-03,360846.0,381658.2421875
2017-07-04,342395.0,369159.2177734375
2017-07-05,375381.0,372258.541015625
2017-07-06,377448.0,394478.638671875
2017-07-07,369223.0,369714.9638671875
2017-07-08,330853.0,349426.296875
2017-07-09,322366.0,325456.32470703125
2017-07-10,366140.0,370391.26171875
2017-07-11,390406.0,385110.580078125
2017-07-12,409691.0,398729.556640625
2017-07-13,408683.0,409403.65966796875
2017-07-14,402333.0,386460.591796875
2017-07-15,355794.0,372103.32421875
2017-07-16,348308.0,347560.607421875
2017-07-17,396291.0,397310.75
2017-07-18,415077.0,406586.4833984375
2017-07-19,427281.0,417205.0368652344
2017-07-20,430463.0,428469.19177246094
2017-07-21,423681.0,417937.529296875
2017-07-22,392836.0,392367.396484375
2017-07-23,369685.0,379547.0947265625
2017-07-24,392240.0,393072.76953125
2017-07-25,372036.0,385353.3037109375
2017-07-26,378975.0,372630.6312866211
2017-07-27,383108.0,391262.080078125
2017-07-28,374735.0,383178.2770385742
2017-07-29,322949.0,338307.66796875
2017-07-30,327174.0,312577.73046875
2017-07-31,382389.0,373261.69921875
2017-08-01,387813.0,402347.380859375
2017-08-02,389795.0,390317.02587890625
2017-08-03,392999.0,390505.90447998047
2017-08-04,364607.0,381778.482421875
2017-08-05,309570.0,324906.24609375
2017-08-06,297737.0,304175.8349609375
2017-08-07,340310.0,348310.4375
2017-08-08,354050.0,357157.5546875
2017-08-09,358806.0,364597.7138671875
2017-08-10,359963.0,367948.4814453125
2017-08-11,368152.0,359243.1853027344
2017-08-12,338436.0,345304.71484375
2017-08-13,326801.0,324257.5625
2017-08-14,370415.0,371286.84765625
2017-08-15,397129.0,381200.2216796875
2017-08-16,407378.0,398113.19494628906
2017-08-17,417209.0,407785.12561035156
2017-08-18,404572.0,393162.607421875
2017-08-19,359065.0,355793.0625
2017-08-20,359564.0,344871.7998046875
2017-08-21,415084.0,403820.140625
2017-08-22,407347.0,425091.458984375
2017-08-23,370258.0,383069.970703125
2017-08-24,343708.0,367356.138671875
2017-08-25,331714.0,336223.84326171875
2017-08-26,307187.0,311534.798828125
2017-08-27,306649.0,307531.1363220215
2017-08-28,343347.0,359569.1171875
2017-08-29,351154.0,349514.9296875
2017-08-30,356557.0,355173.40380859375
2017-08-31,352758.0,368246.453125
2017-09-01,316908.0,346791.98388671875
2017-09-02,277547.0,282063.265625
2017-09-03,281766.0,270264.41796875
2017-09-04,308542.0,322840.91796875
2017-09-05,338661.0,331039.591796875
2017-09-06,314563.0,330865.8505859375
2017-09-07,313770.0,313361.3186035156
2017-09-08,311672.0,305086.7939453125
2017-09-09,285702.0,277644.4453125
2017-09-10,275496.0,273742.4580078125
2017-09-11,312959.0,314256.59375
2017-09-12,322822.0,317020.755859375
2017-09-13,329364.0,322991.2892303467
2017-09-14,329840.0,327001.30517578125
2017-09-15,333548.0,318956.576171875
2017-09-16,318927.0,297007.5234375
2017-09-17,317927.0,304517.1962890625
2017-09-18,357343.0,351051.05078125
2017-09-19,356169.0,360798.6044921875
2017-09-20,371577.0,346157.591796875
2017-09-21,388488.0,366520.75732421875
2017-09-22,387270.0,370009.18359375
2017-09-23,357117.0,336283.26171875
2017-09-24,343973.0,342120.8505859375
2017-09-25,384273.0,366899.232421875
2017-09-26,389731.0,380357.9025878906
2017-09-27,381639.0,378625.04296875
2017-09-28,341527.0,359591.25390625
2017-09-29,316200.0,306092.78125
2017-09-30,279956.0,285876.50390625
2017-10-01,273102.0,278075.6043701172
2017-10-02,316188.0,317742.75
2017-10-03,331339.0,320351.67041015625
2017-10-04,341210.0,334724.9362792969
2017-10-05,335703.0,341842.3338623047
2017-10-06,328544.0,320781.4970703125
2017-10-07,315878.0,301552.892578125
2017-10-08,301889.0,295652.59375
2017-10-09,351840.0,312601.4833984375
2017-10-10,351766.0,376405.240234375
2017-10-11,344606.0,350973.9180908203
2017-10-12,321690.0,339295.1904296875
2017-10-13,317871.0,311673.5546875
2017-10-14,299371.0,294932.451171875
2017-10-15,294509.0,287658.1083984375
2017-10-16,312040.0,339586.8359375
2017-10-17,322774.0,322981.9404296875
2017-10-18,325216.0,323794.7901611328
2017-10-19,319459.0,324136.20153808594
2017-10-20,315150.0,311018.65625
2017-10-21,287408.0,291056.576171875
2017-10-22,280393.0,280783.45751953125
2017-10-23,313133.0,319472.73828125
2017-10-24,313445.0,317457.501953125
2017-10-25,324324.0,317679.349609375
2017-10-26,331667.0,326350.29638671875
2017-10-27,323498.0,328045.6267089844
2017-10-28,305372.0,290907.779296875
2017-10-29,315250.0,310374.5869140625
2017-10-30,358027.0,362277.33984375
2017-10-31,348892.0,366848.15234375
2017-11-01,348190.0,351216.119140625
2017-11-02,326441.0,348147.8231048584
2017-11-03,315836.0,315239.0283203125
2017-11-04,296228.0,296329.24609375
2017-11-05,296819.0,295783.65158081055
2017-11-06,317579.0,339578.55078125
2017-11-07,337042.0,344829.580078125
2017-11-08,350466.0,343967.10595703125
2017-11-09,352122.0,355324.85693359375
2017-11-10,367495.0,351409.0569458008
2017-11-11,363571.0,347399.849609375
2017-11-12,336239.0,344633.474609375
2017-11-13,360492.0,357983.037109375
2017-11-14,362449.0,362255.3741455078
2017-11-15,371627.0,361456.8663330078
2017-11-16,358535.0,369567.6130371094
2017-11-17,356502.0,351578.98583984375
2017-11-18,324239.0,333629.400390625
2017-11-19,331229.0,315671.0859375
2017-11-20,376104.0,382382.2265625
2017-11-21,366962.0,374012.1044921875
2017-11-22,356644.0,360801.10205078125
2017-11-23,337925.0,354920.6472167969
2017-11-24,326851.0,342767.21923828125
2017-11-25,310404.0,314062.0234375
2017-11-26,327851.0,304763.12353515625
2017-11-27,367684.0,379747.14453125
2017-11-28,358689.0,361167.1572265625
2017-11-29,350667.0,355893.3127441406
2017-11-30,352533.0,347169.34228515625
2017-12-01,350211.0,347385.10205078125
2017-12-02,339917.0,340204.5361328125
2017-12-03,327569.0,333823.04638671875
2017-12-04,363368.0,364237.96484375
2017-12-05,352854.0,366254.1013183594
2017-12-06,383091.0,367559.20703125
2017-12-07,399318.0,408800.6796875
2017-12-08,413441.0,392716.04833984375
2017-12-09,394494.0,389811.306640625
2017-12-10,380702.0,379834.5556640625
2017-12-11,398443.0,411555.935546875
2017-12-12,415576.0,391465.37451171875
2017-12-13,436002.0,436383.353515625
2017-12-14,411556.0,433043.3098144531
2017-12-15,424291.0,405023.64501953125
2017-12-16,375683.0,402427.8046875
2017-12-17,366546.0,343153.78515625
2017-12-18,373903.0,387598.142578125
2017-12-19,358916.0,367782.583984375
2017-12-20,362297.0,351922.7578125
2017-12-21,380985.0,362563.5129699707
2017-12-22,350410.0,374893.09326171875
2017-12-23,326509.0,325402.326171875
2017-12-24,330255.0,334733.9599609375
2017-12-25,362107.0,364427.0
2017-12-26,400713.0,413633.85546875
2017-12-27,439663.0,401062.4422302246
2017-12-28,465511.0,437789.216796875
2017-12-29,434221.0,439643.5
2017-12-30,414764.0,391254.03125
2017-12-31,441162.0,400910.5087890625
2018-01-01,468324.0,468204.443359375
2018-01-02,502524.0,482301.205078125
2018-01-03,496690.0,480644.15234375
2018-01-04,491361.0,467104.396484375
2018-01-05,508004.0,483302.42822265625
2018-01-06,500348.0,468559.9921875
2018-01-07,475281.0,470290.23046875
2018-01-08,437769.0,440956.83203125
2018-01-09,400218.0,411315.095703125
2018-01-10,384672.0,395676.05859375
2018-01-11,356455.0,367803.876953125
2018-01-12,361633.0,347231.978515625
2018-01-13,422123.0,381569.072265625
2018-01-14,441362.0,441047.9140625
2018-01-15,464372.0,432750.330078125
2018-01-16,458549.0,434212.033203125
2018-01-17,487519.0,457332.06481933594
2018-01-18,481559.0,480386.59619140625
2018-01-19,434918.0,441533.7578125
2018-01-20,367001.0,398341.58984375
2018-01-21,333898.0,357241.9951171875
2018-01-22,348234.0,365942.94921875
2018-01-23,359953.0,377228.546875
2018-01-24,397789.0,405360.66796875
2018-01-25,403360.0,405532.330078125
2018-01-26,390355.0,383071.7734375
2018-01-27,348457.0,340149.60546875
2018-01-28,326238.0,331666.673828125
2018-01-29,387501.0,350051.279296875
2018-01-30,431889.0,389903.84375
2018-01-31,422231.0,432521.0255126953
2018-02-01,392972.0,397212.486328125
2018-02-02,443518.0,399546.74951171875
2018-02-03,426770.0,440092.1428222656
2018-02-04,380323.0,388219.4296875
2018-02-05,426724.0,422577.5390625
2018-02-06,421241.0,448860.380859375
2018-02-07,418215.0,398916.181640625
2018-02-08,424763.0,416579.2325439453
2018-02-09,404233.0,414768.5009765625
2018-02-10,357500.0,352497.53515625
2018-02-11,337248.0,345023.1923828125
2018-02-12,384094.0,385401.7890625
2018-02-13,397955.0,382030.2268066406
2018-02-14,369818.0,371470.876953125
2018-02-15,335272.0,347125.697265625
2018-02-16,343395.0,323286.4521484375
2018-02-17,365337.0,342931.63360595703
2018-02-18,334161.0,369841.41162109375
2018-02-19,348909.0,358244.095703125
2018-02-20,324360.0,339433.0732421875
2018-02-21,325259.0,336524.17578125
2018-02-22,345087.0,353069.37109375
2018-02-23,325896.0,343563.6123046875
2018-02-24,303851.0,290490.39453125
2018-02-25,295965.0,311404.35888671875
2018-02-26,340296.0,348713.50390625
2018-02-27,354475.0,345642.9208984375
2018-02-28,338281.0,355125.89709472656
2018-03-01,344032.0,336100.6171875
2018-03-02,367291.0,370052.142578125
2018-03-03,349476.0,339377.640625
2018-03-04,340154.0,317669.693359375
2018-03-05,373271.0,363265.564453125
2018-03-06,360340.0,368857.2158203125
2018-03-07,382954.0,354627.64111328125
2018-03-08,404747.0,388562.01611328125
2018-03-09,397214.0,388918.1083984375
2018-03-10,355135.0,358389.8515625
2018-03-11,328186.0,328888.32421875
2018-03-12,390143.0,370247.9375
2018-03-13,400009.0,394227.3293457031
2018-03-14,410640.0,397876.7902832031
2018-03-15,385679.0,406560.6953125
2018-03-16,372149.0,365874.853515625
2018-03-17,350281.0,348469.609375
2018-03-18,315263.0,330664.28515625
2018-03-19,347276.0,350247.609375
2018-03-20,369195.0,349642.2102050781
2018-03-21,398255.0,383763.306640625
2018-03-22,387598.0,395008.0173339844
2018-03-23,376075.0,372774.603515625
2018-03-24,368372.0,342749.2890625
2018-03-25,340822.0,348977.724609375
2018-03-26,361411.0,375019.921875
2018-03-27,355959.0,350543.318359375
2018-03-28,336093.0,353812.19970703125
2018-03-29,329962.0,331994.88037109375
2018-03-30,315710.0,338206.603515625
2018-03-31,314954.0,304274.556640625
2018-04-01,293306.0,298810.5947265625
2018-04-02,340887.0,339705.37109375
2018-04-03,338604.0,352683.3544921875
2018-04-04,344124.0,342800.92724609375
2018-04-05,362570.0,357813.2255859375
2018-04-06,343354.0,347040.1328125
2018-04-07,343202.0,303092.6484375
2018-04-08,339525.0,342511.43420410156
2018-04-09,373844.0,380185.9375
2018-04-10,361992.0,373778.2384109497
2018-04-11,339926.0,361421.6294555664
2018-04-12,326132.0,334701.4501953125
2018-04-13,313577.0,313953.6025390625
2018-04-14,294034.0,286884.63671875
2018-04-15,294163.0,288206.21435546875
2018-04-16,355899.0,342413.92578125
2018-04-17,379252.0,377206.681640625
2018-04-18,347182.0,377528.5832519531
2018-04-19,340972.0,335785.6025390625
2018-04-20,342226.0,333479.3779296875
2018-04-21,309700.0,303961.875
2018-04-22,286784.0,287240.4453125
2018-04-23,315207.0,319838.34765625
2018-04-24,281370.0,321964.03515625
2018-04-25,317392.0,284243.7805175781
2018-04-26,315787.0,325318.94921875
2018-04-27,311136.0,308604.51708984375
2018-04-28,293702.0,291703.89453125
2018-04-29,291763.0,294840.25451660156
2018-04-30,322644.0,322019.435546875
2018-05-01,318045.0,318359.7861328125
2018-05-02,327388.0,317973.28662872314
2018-05-03,341214.0,329399.9626464844
2018-05-04,329415.0,320762.38671875
2018-05-05,285652.0,280313.18359375
2018-05-06,280322.0,274057.7958984375
2018-05-07,311340.0,327299.83984375
2018-05-08,319082.0,318451.720703125
2018-05-09,328530.0,322396.96142578125
2018-05-10,335838.0,330467.22009277344
2018-05-11,324604.0,322049.693359375
2018-05-12,310630.0,287253.01171875
2018-05-13,307981.0,293699.630859375
2018-05-14,360114.0,337052.361328125
2018-05-15,364123.0,365938.7490234375
2018-05-16,334210.0,354889.4140625
2018-05-17,347176.0,324293.17578125
2018-05-18,328424.0,338813.0322265625
2018-05-19,313060.0,285478.8828125
2018-05-20,316059.0,301162.23046875
2018-05-21,353488.0,353157.3515625
2018-05-22,356571.0,365551.8115234375
2018-05-23,347750.0,357084.89764404297
2018-05-24,351750.0,342083.22265625
2018-05-25,363291.0,342439.013671875
2018-05-26,334508.0,339006.810546875
2018-05-27,340760.0,325334.87109375
2018-05-28,361054.0,370508.734375
2018-05-29,405705.0,406717.0546875
2018-05-30,403182.0,401301.33251953125
2018-05-31,401786.0,372433.296875
2018-06-01,377632.0,368689.859375
2018-06-02,341092.0,332384.94140625
2018-06-03,331791.0,326801.859375
2018-06-04,339060.0,365549.734375
2018-06-05,330647.0,334461.212890625
2018-06-06,322825.0,334096.3220214844
2018-06-07,345466.0,338993.0830078125
2018-06-08,360961.0,351298.4072265625
2018-06-09,344637.0,345671.568359375
2018-06-10,332454.0,351327.1298828125
2018-06-11,348883.0,365489.47265625
2018-06-12,353857.0,358171.4833984375
2018-06-13,373453.0,363910.4912109375
2018-06-14,372490.0,376024.8251953125
2018-06-15,374066.0,371700.40661621094
2018-06-16,367177.0,359669.173828125
2018-06-17,388221.0,377950.650390625
2018-06-18,446178.0,427703.97265625
2018-06-19,434078.0,446600.862701416
2018-06-20,405651.0,412561.529296875
2018-06-21,373137.0,391410.853515625
2018-06-22,366560.0,350610.89453125
2018-06-23,338479.0,344405.720703125
2018-06-24,346565.0,327267.3974609375
2018-06-25,365644.0,382200.2265625
2018-06-26,361241.0,371530.66552734375
2018-06-27,368290.0,364312.53759765625
2018-06-28,394806.0,359125.8193359375
2018-06-29,412192.0,392468.0791015625
2018-06-30,402247.0,383036.3515625
2018-07-01,403171.0,395397.51904296875
2018-07-02,420069.0,429702.0859375
2018-07-03,422164.0,415656.8603515625
2018-07-04,408204.0,420827.1691894531
2018-07-05,422616.0,441708.9453125
2018-07-06,377830.0,424561.89599609375
2018-07-07,326648.0,340466.1171875
2018-07-08,330449.0,323081.18115234375
2018-07-09,394256.0,377892.56640625
2018-07-10,419744.0,407966.9853515625
2018-07-11,401139.0,416674.5705566406
2018-07-12,391940.0,388419.1201171875
2018-07-13,405871.0,385162.05810546875
2018-07-14,395721.0,382903.591796875
2018-07-15,391109.0,389989.76953125
2018-07-16,417601.0,422937.34375
2018-07-17,415467.0,416555.5085449219
2018-07-18,379537.0,405766.357421875
2018-07-19,381358.0,383910.2587890625
2018-07-20,367980.0,391952.345703125
2018-07-21,331086.0,331629.28125
2018-07-22,323504.0,318832.271484375
2018-07-23,369842.0,362208.046875
2018-07-24,381373.0,386753.9765625
2018-07-25,396080.0,390094.8916015625
2018-07-26,395382.0,398520.5241699219
2018-07-27,379599.0,390472.88037109375
2018-07-28,338714.0,344026.37890625
2018-07-29,327792.0,332861.77978515625
2018-07-30,368834.0,370988.06640625
2018-07-31,364327.0,383352.6943359375
2018-08-01,363628.0,376842.728515625
2018-08-02,376504.0,388449.197265625
