date,truth,gru_pred
2016-08-07,356181.0,362734.98828125
2016-08-08,390745.0,393348.48828125
2016-08-09,416957.0,397869.58447265625
2016-08-10,431561.0,420074.6608886719
2016-08-11,451348.0,431965.7886047363
2016-08-12,453654.0,439166.275390625
2016-08-13,415169.0,404321.28515625
2016-08-14,374473.0,376092.1953125
2016-08-15,399877.0,399187.072265625
2016-08-16,409158.0,410221.8681640625
2016-08-17,399285.0,396618.9111328125
2016-08-18,403068.0,398821.26470947266
2016-08-19,402047.0,400188.1657714844
2016-08-20,368283.0,373986.42578125
2016-08-21,339465.0,347899.1328125
2016-08-22,357764.0,359931.6484375
2016-08-23,365061.0,370624.1650390625
2016-08-24,376490.0,374955.6806640625
2016-08-25,429018.0,380110.9436035156
2016-08-26,431482.0,418860.3095703125
2016-08-27,397055.0,388858.3203125
2016-08-28,388932.0,383098.8349609375
2016-08-29,420985.0,419702.330078125
2016-08-30,413518.0,423954.9333496094
2016-08-31,406980.0,411378.64111328125
2016-09-01,370700.0,402963.947265625
2016-09-02,340165.0,339867.6953125
2016-09-03,305640.0,299379.484375
2016-09-04,306428.0,291167.9375
2016-09-05,331832.0,336624.271484375
2016-09-06,404384.0,387837.2578125
2016-09-07,431090.0,415174.962890625
2016-09-08,431329.0,416515.466796875
2016-09-09,409511.0,387963.6640625
2016-09-10,378551.0,355827.69140625
2016-09-11,322234.0,342134.296875
2016-09-12,351463.0,347669.056640625
2016-09-13,367593.0,356918.615234375
2016-09-14,364287.0,368744.82666015625
2016-09-15,349713.0,365017.03466796875
2016-09-16,358850.0,344595.28857421875
2016-09-17,344431.0,337803.921875
2016-09-18,329967.0,324347.57421875
2016-09-19,372759.0,363191.6328125
2016-09-20,375647.0,382603.896484375
2016-09-21,372387.0,377037.2186279297
2016-09-22,378656.0,374808.01708984375
2016-09-23,383382.0,372288.7060546875
2016-09-24,338878.0,347495.19921875
2016-09-25,317374.0,322657.0126953125
2016-09-26,334557.0,355386.68359375
2016-09-27,324120.0,338449.783203125
2016-09-28,319659.0,326275.0847167969
2016-09-29,318712.0,322072.50634765625
2016-09-30,313591.0,315091.5114746094
2016-10-01,282452.0,288852.361328125
2016-10-02,270336.0,277840.14599609375
2016-10-03,310866.0,302236.099609375
2016-10-04,321058.0,323562.5869140625
2016-10-05,326218.0,325758.05615234375
2016-10-06,331856.0,329187.6257324219
2016-10-07,325892.0,328761.25732421875
2016-10-08,283893.0,298652.296875
2016-10-09,271418.0,279244.65380859375
2016-10-10,311872.0,314617.0390625
2016-10-11,315566.0,326423.0263671875
2016-10-12,317391.0,316918.6398925781
2016-10-13,310616.0,320528.0017089844
2016-10-14,305250.0,308273.3205566406
2016-10-15,281916.0,289390.3095703125
2016-10-16,278563.0,273101.9208984375
2016-10-17,331368.0,314594.41796875
2016-10-18,336925.0,334910.1848144531
2016-10-19,338136.0,324871.232421875
2016-10-20,326810.0,336837.9141845703
2016-10-21,310779.0,313334.2392578125
2016-10-22,287976.0,293731.548828125
2016-10-23,283301.0,289324.95837402344
2016-10-24,307551.0,323444.125
2016-10-25,321346.0,313108.22216796875
2016-10-26,324548.0,323644.5520019531
2016-10-27,320289.0,324931.47451782227
2016-10-28,313778.0,314726.22705078125
2016-10-29,291222.0,298044.658203125
2016-10-30,277001.0,281757.3515625
2016-10-31,310822.0,311157.84375
2016-11-01,319728.0,320099.193359375
2016-11-02,319618.0,324494.0087890625
2016-11-03,314754.0,323144.98876953125
2016-11-04,307366.0,314075.85974121094
2016-11-05,294282.0,300272.87060546875
2016-11-06,300132.0,291178.07861328125
2016-11-07,322081.0,327644.455078125
2016-11-08,324311.0,321054.5725097656
2016-11-09,326620.0,324015.470703125
2016-11-10,339826.0,329933.9714355469
2016-11-11,328356.0,337028.24267578125
2016-11-12,317050.0,312346.29296875
2016-11-13,318950.0,318398.5059814453
2016-11-14,351377.0,343454.4296875
2016-11-15,346245.0,348738.1833496094
2016-11-16,336223.0,342124.91015625
2016-11-17,334426.0,334807.48669433594
2016-11-18,322851.0,325792.0029296875
2016-11-19,321217.0,293198.263671875
2016-11-20,346068.0,324165.6813964844
2016-11-21,377543.0,387096.37890625
2016-11-22,381512.0,381332.6784667969
2016-11-23,367333.0,378151.42138671875
2016-11-24,291570.0,359304.0078125
2016-11-25,296893.0,291325.9331817627
2016-11-26,314512.0,299052.8791503906
2016-11-27,324583.0,320122.34326171875
2016-11-28,356965.0,358544.54296875
2016-11-29,331295.0,364473.77734375
2016-11-30,329918.0,332246.77728271484
2016-12-01,357346.0,338620.2626953125
2016-12-02,370998.0,359974.5607910156
2016-12-03,346435.0,357773.615234375
2016-12-04,342712.0,340273.9892578125
2016-12-05,362605.0,376467.75390625
2016-12-06,376860.0,373897.3759765625
2016-12-07,374652.0,382911.06982421875
2016-12-08,403611.0,378492.81982421875
2016-12-09,426502.0,402334.9061279297
2016-12-10,404482.0,398800.1171875
2016-12-11,379886.0,385435.736328125
2016-12-12,380072.0,393376.5732421875
2016-12-13,395825.0,387218.58984375
2016-12-14,411744.0,398825.4020996094
2016-12-15,461919.0,412878.1540527344
2016-12-16,469464.0,454140.9169921875
2016-12-17,378912.0,408551.96875
2016-12-18,358696.0,343143.1875
2016-12-19,427475.0,402673.96484375
2016-12-20,433923.0,435656.72412109375
2016-12-21,410645.0,407595.591796875
2016-12-22,381689.0,393086.05859375
2016-12-23,372437.0,364235.12109375
2016-12-24,318380.0,341516.01171875
2016-12-25,292305.0,307938.94921875
2016-12-26,293817.0,309452.552734375
2016-12-27,323425.0,339317.01171875
2016-12-28,357566.0,358125.53125
2016-12-29,356271.0,365213.26220703125
2016-12-30,374018.0,352280.3525390625
2016-12-31,359505.0,364465.310546875
2017-01-01,313746.0,344634.5029296875
2017-01-02,323486.0,332590.146484375
2017-01-03,346960.0,373948.5703125
2017-01-04,375407.0,361137.482421875
2017-01-05,434529.0,408864.52734375
2017-01-06,448984.0,433242.77209472656
2017-01-07,449971.0,417931.13671875
2017-01-08,454685.0,435312.462890625
2017-01-09,470170.0,463777.6416015625
2017-01-10,418391.0,430850.64453125
2017-01-11,373521.0,405011.755859375
2017-01-12,345408.0,409436.40234375
2017-01-13,362732.0,367168.271484375
2017-01-14,353356.0,363879.18103027344
2017-01-15,339578.0,353143.5332183838
2017-01-16,366121.0,377943.28125
2017-01-17,350650.0,377228.7216796875
2017-01-18,354859.0,367141.064453125
2017-01-19,365190.0,369173.8876953125
2017-01-20,347073.0,363006.4345703125
2017-01-21,309393.0,325427.84765625
2017-01-22,295093.0,308145.43103027344
2017-01-23,346275.0,337954.82421875
2017-01-24,363668.0,370044.822265625
2017-01-25,356699.0,369894.52490234375
2017-01-26,371210.0,366612.4638671875
2017-01-27,401521.0,378967.50146484375
2017-01-28,374646.0,390760.1650390625
2017-01-29,362073.0,364244.859375
2017-01-30,412152.0,387666.228515625
2017-01-31,393704.0,423128.0546875
2017-02-01,370693.0,394260.70666503906
2017-02-02,386991.0,380628.5751953125
2017-02-03,413014.0,392760.9296875
2017-02-04,400462.0,401543.5458984375
2017-02-05,347857.0,371579.298828125
2017-02-06,363434.0,375838.568359375
2017-02-07,337230.0,363925.14584350586
2017-02-08,343832.0,344564.60107421875
2017-02-09,405701.0,374487.53515625
2017-02-10,419127.0,418996.8505859375
2017-02-11,328529.0,364473.88671875
2017-02-12,297811.0,291760.1015625
2017-02-13,364047.0,360216.828125
2017-02-14,372826.0,394115.228515625
2017-02-15,375118.0,371512.7468261719
2017-02-16,392742.0,386636.408203125
2017-02-17,355436.0,392148.94885253906
2017-02-18,307777.0,307863.1484375
2017-02-19,292549.0,306129.7481689453
2017-02-20,335623.0,332905.36328125
2017-02-21,329349.0,378237.09375
2017-02-22,325986.0,333844.7294921875
2017-02-23,322496.0,335016.6787109375
2017-02-24,314679.0,323492.5950317383
2017-02-25,307855.0,305419.8154296875
2017-02-26,331959.0,316135.3154296875
2017-02-27,360988.0,367054.63671875
2017-02-28,351229.0,360375.6244506836
2017-03-01,323502.0,345749.6240234375
2017-03-02,363024.0,344067.28515625
2017-03-03,383378.0,374277.4814453125
2017-03-04,365088.0,362220.830078125
2017-03-05,334128.0,344760.89453125
2017-03-06,347941.0,353465.36328125
2017-03-07,336318.0,348110.20137023926
2017-03-08,337121.0,337299.5168457031
2017-03-09,338102.0,347981.3994140625
2017-03-10,356503.0,319537.212890625
2017-03-11,364775.0,343498.966796875
2017-03-12,338297.0,354385.0810546875
2017-03-13,390773.0,364405.986328125
2017-03-14,411768.0,387670.6008300781
2017-03-15,441180.0,410956.0237426758
2017-03-16,410804.0,429646.2763671875
2017-03-17,404742.0,363630.76953125
2017-03-18,337890.0,364903.7421875
2017-03-19,326664.0,318464.666015625
2017-03-20,365447.0,365137.14453125
2017-03-21,337603.0,363863.5964355469
2017-03-22,352558.0,334005.56640625
2017-03-23,368283.0,362950.16796875
2017-03-24,327640.0,335194.50390625
2017-03-25,282371.0,277652.69140625
2017-03-26,278566.0,279424.5622558594
2017-03-27,315108.0,330951.55078125
2017-03-28,319747.0,331359.6064453125
2017-03-29,321696.0,324794.6904296875
2017-03-30,326227.0,325102.4812011719
2017-03-31,320400.0,321507.146484375
2017-04-01,301661.0,302799.90234375
2017-04-02,288970.0,300828.91986083984
2017-04-03,321152.0,325225.640625
2017-04-04,318406.0,334154.2255859375
2017-04-05,321238.0,320543.10009765625
2017-04-06,332395.0,329619.4833984375
2017-04-07,353238.0,341823.755859375
2017-04-08,309547.0,334015.654296875
2017-04-09,285841.0,281409.650390625
2017-04-10,315282.0,319616.97265625
2017-04-11,316301.0,319747.97265625
2017-04-12,311224.0,317216.00469970703
2017-04-13,312043.0,314096.4865722656
2017-04-14,292669.0,307574.9052734375
2017-04-15,278843.0,266852.666015625
2017-04-16,273607.0,277735.4909667969
2017-04-17,310937.0,312049.38671875
2017-04-18,314165.0,319453.4833984375
2017-04-19,318416.0,316361.2644042969
2017-04-20,330834.0,320601.8605957031
2017-04-21,313618.0,322706.498046875
2017-04-22,284761.0,282813.830078125
2017-04-23,279849.0,283658.8231201172
2017-04-24,315361.0,316234.75390625
2017-04-25,317878.0,326407.4951171875
2017-04-26,327966.0,319375.18603515625
2017-04-27,320067.0,333059.7646484375
2017-04-28,312725.0,309440.408203125
2017-04-29,299276.0,286782.62890625
2017-04-30,301326.0,295530.3425292969
2017-05-01,319152.0,340126.50390625
2017-05-02,303699.0,326293.7099609375
2017-05-03,303434.0,305869.62646484375
2017-05-04,310316.0,306025.3386230469
2017-05-05,311426.0,301323.9716796875
2017-05-06,285119.0,289785.767578125
2017-05-07,277479.0,278461.43359375
2017-05-08,319093.0,320757.359375
2017-05-09,321703.0,326504.037109375
2017-05-10,321062.0,320227.76037597656
2017-05-11,321147.0,320488.14611816406
2017-05-12,307128.0,308972.59765625
2017-05-13,281278.0,278715.36328125
2017-05-14,275728.0,276342.96533203125
2017-05-15,320359.0,315884.12890625
2017-05-16,343501.0,329042.1708984375
2017-05-17,366210.0,347143.3513183594
2017-05-18,373616.0,364793.9460449219
2017-05-19,349806.0,339396.4453125
2017-05-20,310297.0,305351.34765625
2017-05-21,290532.0,299763.1416015625
2017-05-22,317686.0,330566.32421875
2017-05-23,318452.0,330070.6416015625
2017-05-24,316618.0,323245.10009765625
2017-05-25,315618.0,318389.4256591797
2017-05-26,313804.0,307923.8076171875
2017-05-27,296762.0,285591.353515625
2017-05-28,289032.0,291955.23486328125
2017-05-29,298335.0,319516.455078125
2017-05-30,336130.0,355447.7890625
2017-05-31,332559.0,344801.4853515625
2017-06-01,333187.0,328918.97119140625
2017-06-02,334701.0,330582.0725097656
2017-06-03,316653.0,320126.2861328125
2017-06-04,322109.0,323584.08837890625
2017-06-05,350677.0,374238.89453125
2017-06-06,329621.0,356155.412109375
2017-06-07,313472.0,330118.90811157227
2017-06-08,323411.0,317705.763671875
2017-06-09,331719.0,324438.8446044922
2017-06-10,331600.0,308273.759765625
2017-06-11,346270.0,328258.5710449219
2017-06-12,404897.0,386298.80859375
2017-06-13,403566.0,411798.974609375
2017-06-14,393390.0,394208.9453125
2017-06-15,396435.0,394368.91052246094
2017-06-16,392548.0,373146.66015625
2017-06-17,374074.0,355702.55078125
2017-06-18,363425.0,361647.2978515625
2017-06-19,365554.0,382452.880859375
2017-06-20,353230.0,354913.3837890625
2017-06-21,369285.0,352557.98767089844
2017-06-22,392204.0,378294.6865234375
2017-06-23,373786.0,371244.650390625
2017-06-24,331467.0,325135.4140625
2017-06-25,301469.0,323768.39697265625
2017-06-26,324014.0,338797.41796875
2017-06-27,326931.0,339536.5205078125
2017-06-28,334595.0,334341.18994140625
2017-06-29,376990.0,347073.3662109375
2017-06-30,388870.0,376116.31115722656
2017-07-01,354699.0,345489.75390625
2017-07-02,346142.0,332779.20703125
2017-07-03,360846.0,379826.5078125
2017-07-04,342395.0,371340.9599609375
2017-07-05,375381.0,384384.15234375
2017-07-06,377448.0,394009.87109375
2017-07-07,369223.0,368736.8876953125
2017-07-08,330853.0,340913.388671875
2017-07-09,322366.0,324622.22998046875
2017-07-10,366140.0,374467.359375
2017-07-11,390406.0,384185.48828125
2017-07-12,409691.0,388770.86560058594
2017-07-13,408683.0,408842.6719970703
2017-07-14,402333.0,383821.287109375
2017-07-15,355794.0,363524.57421875
2017-07-16,348308.0,350969.982421875
2017-07-17,396291.0,405489.2734375
2017-07-18,415077.0,403446.439453125
2017-07-19,427281.0,417557.01953125
2017-07-20,430463.0,428547.9324951172
2017-07-21,423681.0,412156.126953125
2017-07-22,392836.0,382094.11328125
2017-07-23,369685.0,373129.7734375
2017-07-24,392240.0,401681.04296875
2017-07-25,372036.0,387883.478515625
2017-07-26,378975.0,376193.4716796875
2017-07-27,383108.0,390787.6708984375
2017-07-28,374735.0,378080.91796875
2017-07-29,322949.0,329402.265625
2017-07-30,327174.0,307580.3505859375
2017-07-31,382389.0,370641.23046875
2017-08-01,387813.0,402587.990234375
2017-08-02,389795.0,391438.14208984375
2017-08-03,392999.0,390269.6382751465
2017-08-04,364607.0,378626.123046875
2017-08-05,309570.0,315136.39453125
2017-08-06,297737.0,298139.373046875
2017-08-07,340310.0,349472.44921875
2017-08-08,354050.0,351175.3076171875
2017-08-09,358806.0,359547.29052734375
2017-08-10,359963.0,365855.51220703125
2017-08-11,368152.0,359489.026763916
2017-08-12,338436.0,340686.248046875
2017-08-13,326801.0,320194.44921875
2017-08-14,370415.0,369970.96875
2017-08-15,397129.0,379542.7470703125
2017-08-16,407378.0,398090.69451904297
2017-08-17,417209.0,406933.8066711426
2017-08-18,404572.0,382621.29296875
2017-08-19,359065.0,344676.90234375
2017-08-20,359564.0,336900.5703125
2017-08-21,415084.0,403165.22265625
2017-08-22,407347.0,419157.54150390625
2017-08-23,370258.0,376361.123046875
2017-08-24,343708.0,360542.2001953125
2017-08-25,331714.0,334905.6396484375
2017-08-26,307187.0,307767.548828125
2017-08-27,306649.0,307265.2926712036
2017-08-28,343347.0,359973.28515625
2017-08-29,351154.0,349798.81396484375
2017-08-30,356557.0,354572.3503417969
2017-08-31,352758.0,360823.51806640625
2017-09-01,316908.0,345856.9677734375
2017-09-02,277547.0,284401.107421875
2017-09-03,281766.0,271289.1962890625
2017-09-04,308542.0,311912.908203125
2017-09-05,338661.0,352733.7421875
2017-09-06,314563.0,341629.7072753906
2017-09-07,313770.0,314673.4422836304
2017-09-08,311672.0,314135.3020629883
2017-09-09,285702.0,285283.765625
2017-09-10,275496.0,280645.09423828125
2017-09-11,312959.0,316578.26171875
2017-09-12,322822.0,319245.88916015625
2017-09-13,329364.0,323834.10150146484
2017-09-14,329840.0,330213.7913208008
2017-09-15,333548.0,320566.03515625
2017-09-16,318927.0,305662.533203125
2017-09-17,317927.0,309862.642578125
2017-09-18,357343.0,353877.6328125
2017-09-19,356169.0,360593.28466796875
2017-09-20,371577.0,347952.2255859375
2017-09-21,388488.0,367780.34912109375
2017-09-22,387270.0,368148.953125
2017-09-23,357117.0,342748.1171875
2017-09-24,343973.0,337808.181640625
2017-09-25,384273.0,361691.203125
2017-09-26,389731.0,383715.8854370117
2017-09-27,381639.0,382782.39404296875
2017-09-28,341527.0,364636.52734375
2017-09-29,316200.0,307954.3125
2017-09-30,279956.0,281269.78125
2017-10-01,273102.0,276084.4064941406
2017-10-02,316188.0,311300.51953125
2017-10-03,331339.0,331539.7578125
2017-10-04,341210.0,340883.5029296875
2017-10-05,335703.0,350153.3388671875
2017-10-06,328544.0,330892.060546875
2017-10-07,315878.0,309591.380859375
2017-10-08,301889.0,304012.5546875
2017-10-09,351840.0,328945.376953125
2017-10-10,351766.0,375519.103515625
2017-10-11,344606.0,349696.5654296875
2017-10-12,321690.0,344059.4020385742
2017-10-13,317871.0,314662.3046875
2017-10-14,299371.0,301647.97265625
2017-10-15,294509.0,291609.7490234375
2017-10-16,312040.0,329446.62109375
2017-10-17,322774.0,320555.640625
2017-10-18,325216.0,326887.1533203125
2017-10-19,319459.0,325929.20959472656
2017-10-20,315150.0,312263.52685546875
2017-10-21,287408.0,292219.998046875
2017-10-22,280393.0,279300.4169921875
2017-10-23,313133.0,319483.921875
2017-10-24,313445.0,321140.87744140625
2017-10-25,324324.0,317678.765625
2017-10-26,331667.0,327727.6552734375
2017-10-27,323498.0,323825.708984375
2017-10-28,305372.0,291880.56640625
2017-10-29,315250.0,299853.68310546875
2017-10-30,358027.0,352318.62109375
2017-10-31,348892.0,365456.7138671875
2017-11-01,348190.0,348037.3084716797
2017-11-02,326441.0,348560.5153503418
2017-11-03,315836.0,317376.2197265625
2017-11-04,296228.0,299434.044921875
2017-11-05,296819.0,289374.79931640625
2017-11-06,317579.0,334442.625
2017-11-07,337042.0,332979.3505859375
2017-11-08,350466.0,345560.2626953125
2017-11-09,352122.0,353048.45751953125
2017-11-10,367495.0,348159.02001953125
2017-11-11,363571.0,353885.9306640625
2017-11-12,336239.0,353566.2177734375
2017-11-13,360492.0,353407.392578125
2017-11-14,362449.0,364351.8400878906
2017-11-15,371627.0,360630.9372558594
2017-11-16,358535.0,370024.4024658203
2017-11-17,356502.0,350221.7158203125
2017-11-18,324239.0,334103.8671875
2017-11-19,331229.0,315245.2314453125
2017-11-20,376104.0,377314.15234375
2017-11-21,366962.0,382803.470703125
2017-11-22,356644.0,360981.89599609375
2017-11-23,337925.0,358050.6544189453
2017-11-24,326851.0,338116.5204925537
2017-11-25,310404.0,313715.4326171875
2017-11-26,327851.0,312629.1491699219
2017-11-27,367684.0,373518.65625
2017-11-28,358689.0,364711.78564453125
2017-11-29,350667.0,353402.56103515625
2017-11-30,352533.0,349208.9755859375
2017-12-01,350211.0,344615.7314453125
2017-12-02,339917.0,332511.943359375
2017-12-03,327569.0,333836.0126953125
2017-12-04,363368.0,357923.396484375
2017-12-05,352854.0,375397.91015625
2017-12-06,383091.0,360906.55712890625
2017-12-07,399318.0,400314.048828125
2017-12-08,413441.0,391907.57080078125
2017-12-09,394494.0,389647.341796875
2017-12-10,380702.0,374942.630859375
2017-12-11,398443.0,402417.2265625
2017-12-12,415576.0,392823.6982421875
2017-12-13,436002.0,426304.4912109375
2017-12-14,411556.0,428472.8203125
2017-12-15,424291.0,395729.93359375
2017-12-16,375683.0,402045.15234375
2017-12-17,366546.0,341629.41796875
2017-12-18,373903.0,382826.2646484375
2017-12-19,358916.0,367598.81396484375
2017-12-20,362297.0,357449.3885498047
2017-12-21,380985.0,361589.59686279297
2017-12-22,350410.0,367845.06640625
2017-12-23,326509.0,317314.5546875
2017-12-24,330255.0,318962.861328125
2017-12-25,362107.0,352356.751953125
2017-12-26,400713.0,409053.390625
2017-12-27,439663.0,403194.3994140625
2017-12-28,465511.0,432161.81689453125
2017-12-29,434221.0,437088.697265625
2017-12-30,414764.0,390972.28515625
2017-12-31,441162.0,397376.72265625
2018-01-01,468324.0,440604.90447998047
2018-01-02,502524.0,505440.26171875
2018-01-03,496690.0,500720.1356201172
2018-01-04,491361.0,461097.5390625
2018-01-05,508004.0,480727.7060546875
2018-01-06,500348.0,461492.484375
2018-01-07,475281.0,460953.859375
2018-01-08,437769.0,448833.28515625
2018-01-09,400218.0,415750.94140625
2018-01-10,384672.0,405719.5986328125
2018-01-11,356455.0,381754.98046875
2018-01-12,361633.0,345998.9951171875
2018-01-13,422123.0,365357.0544433594
2018-01-14,441362.0,454412.80078125
2018-01-15,464372.0,460669.369140625
2018-01-16,458549.0,439180.6953125
2018-01-17,487519.0,458191.1381530762
2018-01-18,481559.0,487860.6659851074
2018-01-19,434918.0,448667.453125
2018-01-20,367001.0,392187.234375
2018-01-21,333898.0,367113.1432876587
2018-01-22,348234.0,369623.328125
2018-01-23,359953.0,364303.1015625
2018-01-24,397789.0,397216.11328125
2018-01-25,403360.0,406852.2958984375
2018-01-26,390355.0,392992.2353515625
2018-01-27,348457.0,344550.6171875
2018-01-28,326238.0,338697.5009765625
2018-01-29,387501.0,352222.572265625
2018-01-30,431889.0,406440.52734375
2018-01-31,422231.0,437535.837890625
2018-02-01,392972.0,403255.263671875
2018-02-02,443518.0,397010.3342285156
2018-02-03,426770.0,447728.138671875
2018-02-04,380323.0,384730.55859375
2018-02-05,426724.0,425602.35546875
2018-02-06,421241.0,451360.509765625
2018-02-07,418215.0,413452.07373046875
2018-02-08,424763.0,422195.1770019531
2018-02-09,404233.0,422635.67724609375
2018-02-10,357500.0,354250.2734375
2018-02-11,337248.0,349741.3369140625
2018-02-12,384094.0,378084.60546875
2018-02-13,397955.0,397281.423828125
2018-02-14,369818.0,379340.091796875
2018-02-15,335272.0,355854.142578125
2018-02-16,343395.0,335660.46130371094
2018-02-17,365337.0,332992.5556640625
2018-02-18,334161.0,374673.4189453125
2018-02-19,348909.0,368429.41015625
2018-02-20,324360.0,364582.4287109375
2018-02-21,325259.0,328149.5495605469
2018-02-22,345087.0,348429.361328125
2018-02-23,325896.0,344743.5526123047
2018-02-24,303851.0,295860.63671875
2018-02-25,295965.0,308127.80078125
2018-02-26,340296.0,340045.51953125
2018-02-27,354475.0,353580.96875
2018-02-28,338281.0,349675.70751953125
2018-03-01,344032.0,340425.2502441406
2018-03-02,367291.0,364985.650390625
2018-03-03,349476.0,358519.09765625
2018-03-04,340154.0,333221.109375
2018-03-05,373271.0,372707.873046875
2018-03-06,360340.0,371121.6462402344
2018-03-07,382954.0,350164.2236328125
2018-03-08,404747.0,389240.8720703125
2018-03-09,397214.0,395485.8837890625
2018-03-10,355135.0,358572.96875
2018-03-11,328186.0,328308.02734375
2018-03-12,390143.0,361743.92578125
2018-03-13,400009.0,397298.8291015625
2018-03-14,410640.0,389819.6552734375
2018-03-15,385679.0,405133.05322265625
2018-03-16,372149.0,357336.056640625
2018-03-17,350281.0,339239.32421875
2018-03-18,315263.0,329804.482421875
2018-03-19,347276.0,343010.26953125
2018-03-20,369195.0,360798.189453125
2018-03-21,398255.0,375171.99658203125
2018-03-22,387598.0,400625.7626953125
2018-03-23,376075.0,365622.107421875
2018-03-24,368372.0,339444.16015625
2018-03-25,340822.0,345841.15625
2018-03-26,361411.0,367054.701171875
2018-03-27,355959.0,359744.4718017578
2018-03-28,336093.0,351768.166015625
2018-03-29,329962.0,333774.744140625
2018-03-30,315710.0,327007.8046875
2018-03-31,314954.0,302493.322265625
2018-04-01,293306.0,308271.72412109375
2018-04-02,340887.0,337064.55078125
2018-04-03,338604.0,362496.021484375
2018-04-04,344124.0,349440.2431640625
2018-04-05,362570.0,369613.640625
2018-04-06,343354.0,353789.5849609375
2018-04-07,343202.0,302307.07421875
2018-04-08,339525.0,347961.5380859375
2018-04-09,373844.0,376070.08984375
2018-04-10,361992.0,372904.5002441406
2018-04-11,339926.0,352869.548828125
2018-04-12,326132.0,333031.43701171875
2018-04-13,313577.0,310753.1259765625
2018-04-14,294034.0,277981.8046875
2018-04-15,294163.0,293308.7762451172
2018-04-16,355899.0,354152.62109375
2018-04-17,379252.0,381923.404296875
2018-04-18,347182.0,379559.0809326172
2018-04-19,340972.0,332369.740234375
2018-04-20,342226.0,337566.8928222656
2018-04-21,309700.0,301749.375
2018-04-22,286784.0,285486.9921875
2018-04-23,315207.0,321304.52734375
2018-04-24,281370.0,324577.384765625
2018-04-25,317392.0,284584.8571777344
2018-04-26,315787.0,328105.0068359375
2018-04-27,311136.0,302118.1044921875
2018-04-28,293702.0,286704.751953125
2018-04-29,291763.0,292276.3895263672
2018-04-30,322644.0,323727.673828125
2018-05-01,318045.0,324665.7041015625
2018-05-02,327388.0,319932.9288330078
2018-05-03,341214.0,335399.74853515625
2018-05-04,329415.0,324745.78515625
2018-05-05,285652.0,285438.00390625
2018-05-06,280322.0,277971.34912109375
2018-05-07,311340.0,330745.54296875
2018-05-08,319082.0,323454.9453125
2018-05-09,328530.0,324528.4716796875
2018-05-10,335838.0,333019.03955078125
2018-05-11,324604.0,317235.333984375
2018-05-12,310630.0,285242.3515625
2018-05-13,307981.0,302131.3564453125
2018-05-14,360114.0,345604.359375
2018-05-15,364123.0,367943.77978515625
2018-05-16,334210.0,354415.8359375
2018-05-17,347176.0,327314.05615234375
2018-05-18,328424.0,339438.578125
2018-05-19,313060.0,282397.19921875
2018-05-20,316059.0,306556.16650390625
2018-05-21,353488.0,353363.98046875
2018-05-22,356571.0,363135.1396484375
2018-05-23,347750.0,355602.7899169922
2018-05-24,351750.0,348383.61767578125
2018-05-25,363291.0,346516.92041015625
2018-05-26,334508.0,335819.50390625
2018-05-27,340760.0,319651.646484375
2018-05-28,361054.0,374422.65234375
2018-05-29,405705.0,415722.32421875
2018-05-30,403182.0,409863.07861328125
2018-05-31,401786.0,375262.68359375
2018-06-01,377632.0,368533.77734375
2018-06-02,341092.0,332917.859375
2018-06-03,331791.0,332723.318359375
2018-06-04,339060.0,368295.41015625
2018-06-05,330647.0,339312.0274963379
2018-06-06,322825.0,334399.9978027344
2018-06-07,345466.0,335263.728515625
2018-06-08,360961.0,354048.365234375
2018-06-09,344637.0,343106.896484375
2018-06-10,332454.0,344645.65510845184
2018-06-11,348883.0,376569.5703125
2018-06-12,353857.0,357065.77001953125
2018-06-13,373453.0,357886.3269042969
2018-06-14,372490.0,374594.31494140625
2018-06-15,374066.0,366373.12939453125
2018-06-16,367177.0,356084.833984375
2018-06-17,388221.0,370122.45361328125
2018-06-18,446178.0,434709.76171875
2018-06-19,434078.0,445364.1046142578
2018-06-20,405651.0,412087.02734375
2018-06-21,373137.0,395823.587890625
2018-06-22,366560.0,350283.1875
2018-06-23,338479.0,337022.3515625
2018-06-24,346565.0,327555.04296875
2018-06-25,365644.0,387752.27734375
2018-06-26,361241.0,375306.2421875
2018-06-27,368290.0,372053.626953125
2018-06-28,394806.0,364930.75732421875
2018-06-29,412192.0,388905.4658203125
2018-06-30,402247.0,378947.5546875
2018-07-01,403171.0,393113.17578125
2018-07-02,420069.0,428862.2109375
2018-07-03,422164.0,414169.6875
2018-07-04,408204.0,422257.915977478
2018-07-05,422616.0,438574.158203125
2018-07-06,377830.0,419477.07275390625
2018-07-07,326648.0,329608.4140625
2018-07-08,330449.0,331180.810546875
2018-07-09,394256.0,391261.4609375
2018-07-10,419744.0,412204.3203125
2018-07-11,401139.0,420335.07849121094
2018-07-12,391940.0,394156.33349609375
2018-07-13,405871.0,390078.8981933594
2018-07-14,395721.0,381171.78125
2018-07-15,391109.0,388704.27197265625
2018-07-16,417601.0,431757.28125
2018-07-17,415467.0,411660.98876953125
2018-07-18,379537.0,399070.982421875
2018-07-19,381358.0,377322.2121582031
2018-07-20,367980.0,382343.52838134766
2018-07-21,331086.0,319364.39453125
2018-07-22,323504.0,319288.4423828125
2018-07-23,369842.0,367570.046875
2018-07-24,381373.0,382589.5517578125
2018-07-25,396080.0,386234.8779296875
2018-07-26,395382.0,397843.96240234375
2018-07-27,379599.0,384163.48828125
2018-07-28,338714.0,337000.6328125
2018-07-29,327792.0,332909.40966796875
2018-07-30,368834.0,373532.6640625
2018-07-31,364327.0,380368.6201171875
2018-08-01,363628.0,365761.9970703125
2018-08-02,376504.0,367964.125
