date,truth,lstm_pred
2016-08-07,356181.0,364675.79296875
2016-08-08,390745.0,388890.720703125
2016-08-09,416957.0,402602.021484375
2016-08-10,431561.0,423033.138671875
2016-08-11,451348.0,433914.3815917969
2016-08-12,453654.0,444621.0185546875
2016-08-13,415169.0,414940.0
2016-08-14,374473.0,380755.28515625
2016-08-15,399877.0,395203.501953125
2016-08-16,409158.0,412353.369140625
2016-08-17,399285.0,404224.1328125
2016-08-18,403068.0,404346.94873046875
2016-08-19,402047.0,407563.61669921875
2016-08-20,368283.0,385573.03125
2016-08-21,339465.0,349620.515625
2016-08-22,357764.0,359730.443359375
2016-08-23,365061.0,370796.5185546875
2016-08-24,376490.0,378196.3193359375
2016-08-25,429018.0,383519.63623046875
2016-08-26,431482.0,420684.4853515625
2016-08-27,397055.0,393926.39453125
2016-08-28,388932.0,384056.3974609375
2016-08-29,420985.0,416215.0546875
2016-08-30,413518.0,426741.4853515625
2016-08-31,406980.0,415985.0764160156
2016-09-01,370700.0,407814.3643798828
2016-09-02,340165.0,347540.1640625
2016-09-03,305640.0,302785.01171875
2016-09-04,306428.0,295100.806640625
2016-09-05,331832.0,338965.91015625
2016-09-06,404384.0,377496.55859375
2016-09-07,431090.0,415352.36328125
2016-09-08,431329.0,418757.64453125
2016-09-09,409511.0,393318.66796875
2016-09-10,378551.0,362034.44921875
2016-09-11,322234.0,348944.703125
2016-09-12,351463.0,335322.1982421875
2016-09-13,367593.0,361982.3994140625
2016-09-14,364287.0,368099.5267944336
2016-09-15,349713.0,363625.8410644531
2016-09-16,358850.0,342082.326171875
2016-09-17,344431.0,341669.083984375
2016-09-18,329967.0,331119.375
2016-09-19,372759.0,363036.51171875
2016-09-20,375647.0,382969.98828125
2016-09-21,372387.0,376983.0302734375
2016-09-22,378656.0,375093.0563964844
2016-09-23,383382.0,371931.275390625
2016-09-24,338878.0,353212.869140625
2016-09-25,317374.0,321339.078125
2016-09-26,334557.0,349970.318359375
2016-09-27,324120.0,338227.2468261719
2016-09-28,319659.0,326122.2282714844
2016-09-29,318712.0,321572.2618408203
2016-09-30,313591.0,314050.75244140625
2016-10-01,282452.0,290668.916015625
2016-10-02,270336.0,280505.8153076172
2016-10-03,310866.0,307288.0
2016-10-04,321058.0,319769.421875
2016-10-05,326218.0,323742.1306152344
2016-10-06,331856.0,328589.1286621094
2016-10-07,325892.0,323235.3837890625
2016-10-08,283893.0,296919.423828125
2016-10-09,271418.0,275433.4990234375
2016-10-10,311872.0,316698.171875
2016-10-11,315566.0,324710.9638671875
2016-10-12,317391.0,315568.4794096947
2016-10-13,310616.0,320023.6071777344
2016-10-14,305250.0,305133.2587890625
2016-10-15,281916.0,284717.77734375
2016-10-16,278563.0,273732.0009765625
2016-10-17,331368.0,316280.90625
2016-10-18,336925.0,333825.2180175781
2016-10-19,338136.0,328107.5498046875
2016-10-20,326810.0,336040.24072265625
2016-10-21,310779.0,313267.7138671875
2016-10-22,287976.0,289946.341796875
2016-10-23,283301.0,286826.6280517578
2016-10-24,307551.0,320399.12109375
2016-10-25,321346.0,310637.9548339844
2016-10-26,324548.0,322447.26220703125
2016-10-27,320289.0,325339.6936035156
2016-10-28,313778.0,313979.77099609375
2016-10-29,291222.0,294401.248046875
2016-10-30,277001.0,284945.4140625
2016-10-31,310822.0,310830.29296875
2016-11-01,319728.0,316813.76025390625
2016-11-02,319618.0,322755.62109375
2016-11-03,314754.0,323528.6052246094
2016-11-04,307366.0,314571.0787200928
2016-11-05,294282.0,296179.5849609375
2016-11-06,300132.0,292006.9221191406
2016-11-07,322081.0,326193.34765625
2016-11-08,324311.0,319808.8916015625
2016-11-09,326620.0,323041.9747314453
2016-11-10,339826.0,329581.7824707031
2016-11-11,328356.0,335575.14111328125
2016-11-12,317050.0,318301.939453125
2016-11-13,318950.0,317061.28778362274
2016-11-14,351377.0,344273.51953125
2016-11-15,346245.0,347213.81787109375
2016-11-16,336223.0,338978.703125
2016-11-17,334426.0,333585.345703125
2016-11-18,322851.0,323836.98828125
2016-11-19,321217.0,296420.318359375
2016-11-20,346068.0,318265.1103515625
2016-11-21,377543.0,386603.5859375
2016-11-22,381512.0,374942.8776855469
2016-11-23,367333.0,374727.5302734375
2016-11-24,291570.0,359402.37548828125
2016-11-25,296893.0,292140.72009277344
2016-11-26,314512.0,298488.11584472656
2016-11-27,324583.0,324051.20703125
2016-11-28,356965.0,351941.212890625
2016-11-29,331295.0,362954.19580078125
2016-11-30,329918.0,331274.6881504059
2016-12-01,357346.0,339045.232421875
2016-12-02,370998.0,359403.1105957031
2016-12-03,346435.0,357473.427734375
2016-12-04,342712.0,339182.74072265625
2016-12-05,362605.0,378251.359375
2016-12-06,376860.0,370437.2431640625
2016-12-07,374652.0,389898.2177734375
2016-12-08,403611.0,381862.03662109375
2016-12-09,426502.0,404515.3603515625
2016-12-10,404482.0,401813.783203125
2016-12-11,379886.0,386880.140625
2016-12-12,380072.0,401606.875
2016-12-13,395825.0,384727.1728515625
2016-12-14,411744.0,398401.5646972656
2016-12-15,461919.0,415136.3190917969
2016-12-16,469464.0,457398.2744140625
2016-12-17,378912.0,420948.03515625
2016-12-18,358696.0,347905.8828125
2016-12-19,427475.0,407789.73046875
2016-12-20,433923.0,428963.21337890625
2016-12-21,410645.0,410628.150390625
2016-12-22,381689.0,391337.59375
2016-12-23,372437.0,364908.162109375
2016-12-24,318380.0,349987.2578125
2016-12-25,292305.0,310465.3359375
2016-12-26,293817.0,318839.498046875
2016-12-27,323425.0,338623.125
2016-12-28,357566.0,350592.166015625
2016-12-29,356271.0,363550.09423828125
2016-12-30,374018.0,352038.0458984375
2016-12-31,359505.0,363644.5166015625
2017-01-01,313746.0,347066.6708984375
2017-01-02,323486.0,340061.373046875
2017-01-03,346960.0,373781.16796875
2017-01-04,375407.0,366594.59765625
2017-01-05,434529.0,397700.134765625
2017-01-06,448984.0,429131.95703125
2017-01-07,449971.0,413669.48828125
2017-01-08,454685.0,435071.93359375
2017-01-09,470170.0,466244.7265625
2017-01-10,418391.0,449717.09375
2017-01-11,373521.0,406516.3876953125
2017-01-12,345408.0,403995.283203125
2017-01-13,362732.0,375337.111328125
2017-01-14,353356.0,358988.2531738281
2017-01-15,339578.0,347457.173828125
2017-01-16,366121.0,370612.322265625
2017-01-17,350650.0,386762.49609375
2017-01-18,354859.0,361245.5244140625
2017-01-19,365190.0,367151.2998046875
2017-01-20,347073.0,358576.58154296875
2017-01-21,309393.0,325188.583984375
2017-01-22,295093.0,304701.72802734375
2017-01-23,346275.0,342081.99609375
2017-01-24,363668.0,372729.935546875
2017-01-25,356699.0,366837.99951171875
2017-01-26,371210.0,361472.3212890625
2017-01-27,401521.0,370327.8890991211
2017-01-28,374646.0,379146.53515625
2017-01-29,362073.0,357395.19921875
2017-01-30,412152.0,390745.689453125
2017-01-31,393704.0,418246.23486328125
2017-02-01,370693.0,387699.17578125
2017-02-02,386991.0,377779.02197265625
2017-02-03,413014.0,391419.7197265625
2017-02-04,400462.0,397203.0322265625
2017-02-05,347857.0,378961.634765625
2017-02-06,363434.0,375699.119140625
2017-02-07,337230.0,372467.9638671875
2017-02-08,343832.0,353017.86328125
2017-02-09,405701.0,376082.501953125
2017-02-10,419127.0,415446.947265625
2017-02-11,328529.0,375692.88671875
2017-02-12,297811.0,293778.80859375
2017-02-13,364047.0,355326.6171875
2017-02-14,372826.0,393517.0
2017-02-15,375118.0,367456.10302734375
2017-02-16,392742.0,384478.388671875
2017-02-17,355436.0,391219.7489013672
2017-02-18,307777.0,319000.5234375
2017-02-19,292549.0,297520.919921875
2017-02-20,335623.0,331951.90625
2017-02-21,329349.0,374217.90625
2017-02-22,325986.0,330939.6848144531
2017-02-23,322496.0,335178.087890625
2017-02-24,314679.0,321677.9737548828
2017-02-25,307855.0,296799.732421875
2017-02-26,331959.0,302632.93603515625
2017-02-27,360988.0,368666.3203125
2017-02-28,351229.0,357194.1689453125
2017-03-01,323502.0,345652.08935546875
2017-03-02,363024.0,339088.197265625
2017-03-03,383378.0,372379.36328125
2017-03-04,365088.0,358764.03125
2017-03-05,334128.0,348404.720703125
2017-03-06,347941.0,352119.369140625
2017-03-07,336318.0,348543.61083984375
2017-03-08,337121.0,338237.49475097656
2017-03-09,338102.0,348338.8662109375
2017-03-10,356503.0,325792.654296875
2017-03-11,364775.0,336275.7734375
2017-03-12,338297.0,353849.6171875
2017-03-13,390773.0,359388.419921875
2017-03-14,411768.0,389656.59729003906
2017-03-15,441180.0,406025.8603515625
2017-03-16,410804.0,429267.857421875
2017-03-17,404742.0,371049.01171875
2017-03-18,337890.0,371254.80078125
2017-03-19,326664.0,321021.498046875
2017-03-20,365447.0,360802.90625
2017-03-21,337603.0,365279.5707244873
2017-03-22,352558.0,332714.85107421875
2017-03-23,368283.0,365374.232421875
2017-03-24,327640.0,342101.5234375
2017-03-25,282371.0,282044.140625
2017-03-26,278566.0,275062.66748046875
2017-03-27,315108.0,323764.5
2017-03-28,319747.0,325846.6201171875
2017-03-29,321696.0,322603.8854980469
2017-03-30,326227.0,324350.4504394531
2017-03-31,320400.0,322478.7033691406
2017-04-01,301661.0,299598.876953125
2017-04-02,288970.0,296579.4296875
2017-04-03,321152.0,317526.9609375
2017-04-04,318406.0,331196.5771484375
2017-04-05,321238.0,316661.6291503906
2017-04-06,332395.0,324778.58154296875
2017-04-07,353238.0,330010.04541015625
2017-04-08,309547.0,326095.62890625
2017-04-09,285841.0,281821.73046875
2017-04-10,315282.0,316129.234375
2017-04-11,316301.0,319089.7004394531
2017-04-12,311224.0,316049.2146759033
2017-04-13,312043.0,312605.3262939453
2017-04-14,292669.0,303607.7900390625
2017-04-15,278843.0,265954.501953125
2017-04-16,273607.0,275799.1350097656
2017-04-17,310937.0,309366.6171875
2017-04-18,314165.0,318066.8056640625
2017-04-19,318416.0,315349.11328125
2017-04-20,330834.0,321080.0104980469
2017-04-21,313618.0,322151.6162109375
2017-04-22,284761.0,283575.876953125
2017-04-23,279849.0,283750.24743652344
2017-04-24,315361.0,314582.61328125
2017-04-25,317878.0,322604.9921875
2017-04-26,327966.0,319163.5281982422
2017-04-27,320067.0,331269.82666015625
2017-04-28,312725.0,308674.1171875
2017-04-29,299276.0,287838.638671875
2017-04-30,301326.0,293156.68603515625
2017-05-01,319152.0,331794.98046875
2017-05-02,303699.0,329657.4091796875
2017-05-03,303434.0,310262.22216796875
2017-05-04,310316.0,308141.2724609375
2017-05-05,311426.0,305215.7958984375
2017-05-06,285119.0,290779.9765625
2017-05-07,277479.0,277904.77978515625
2017-05-08,319093.0,318359.73046875
2017-05-09,321703.0,326055.25537109375
2017-05-10,321062.0,321026.142578125
2017-05-11,321147.0,321388.0104675293
2017-05-12,307128.0,311903.7900390625
2017-05-13,281278.0,285503.05078125
2017-05-14,275728.0,277537.1672363281
2017-05-15,320359.0,315650.9140625
2017-05-16,343501.0,326977.388671875
2017-05-17,366210.0,345770.04638671875
2017-05-18,373616.0,363926.8193359375
2017-05-19,349806.0,343028.830078125
2017-05-20,310297.0,309295.82421875
2017-05-21,290532.0,297735.1806640625
2017-05-22,317686.0,317158.525390625
2017-05-23,318452.0,323675.552734375
2017-05-24,316618.0,320259.07751464844
2017-05-25,315618.0,317450.3059082031
2017-05-26,313804.0,307264.392578125
2017-05-27,296762.0,287227.771484375
2017-05-28,289032.0,289826.8037109375
2017-05-29,298335.0,311408.171875
2017-05-30,336130.0,343479.7109375
2017-05-31,332559.0,344502.46484375
2017-06-01,333187.0,327691.0322265625
2017-06-02,334701.0,330660.0959472656
2017-06-03,316653.0,319610.5078125
2017-06-04,322109.0,318336.4895019531
2017-06-05,350677.0,364271.859375
2017-06-06,329621.0,357210.5888671875
2017-06-07,313472.0,330116.27435302734
2017-06-08,323411.0,320426.77734375
2017-06-09,331719.0,324525.47888183594
2017-06-10,331600.0,312362.123046875
2017-06-11,346270.0,326982.2158203125
2017-06-12,404897.0,384022.7578125
2017-06-13,403566.0,411747.54052734375
2017-06-14,393390.0,396779.9716796875
2017-06-15,396435.0,395682.9189453125
2017-06-16,392548.0,380553.5087890625
2017-06-17,374074.0,367662.501953125
2017-06-18,363425.0,363804.7021484375
2017-06-19,365554.0,369298.2509765625
2017-06-20,353230.0,354223.578125
2017-06-21,369285.0,349515.44873046875
2017-06-22,392204.0,373883.64404296875
2017-06-23,373786.0,372576.064453125
2017-06-24,331467.0,329439.6875
2017-06-25,301469.0,321222.1767578125
2017-06-26,324014.0,332173.576171875
2017-06-27,326931.0,337063.849609375
2017-06-28,334595.0,333293.7197265625
2017-06-29,376990.0,344886.0654296875
2017-06-30,388870.0,374211.5412597656
2017-07-01,354699.0,348407.73828125
2017-07-02,346142.0,330157.123046875
2017-07-03,360846.0,366785.166015625
2017-07-04,342395.0,368684.2705078125
2017-07-05,375381.0,373195.58203125
2017-07-06,377448.0,390143.1015625
2017-07-07,369223.0,366760.6201171875
2017-07-08,330853.0,343500.18359375
2017-07-09,322366.0,324138.98779296875
2017-07-10,366140.0,370376.1015625
2017-07-11,390406.0,387885.701171875
2017-07-12,409691.0,391666.232421875
2017-07-13,408683.0,410713.8101196289
2017-07-14,402333.0,392421.486328125
2017-07-15,355794.0,371174.119140625
2017-07-16,348308.0,351142.322265625
2017-07-17,396291.0,398256.6015625
2017-07-18,415077.0,409572.5234375
2017-07-19,427281.0,420651.47314453125
2017-07-20,430463.0,431106.3981933594
2017-07-21,423681.0,417683.728515625
2017-07-22,392836.0,390517.640625
2017-07-23,369685.0,374645.953125
2017-07-24,392240.0,391051.962890625
2017-07-25,372036.0,388973.9133300781
2017-07-26,378975.0,377142.26708984375
2017-07-27,383108.0,391405.6123046875
2017-07-28,374735.0,380967.4333496094
2017-07-29,322949.0,339466.60546875
2017-07-30,327174.0,311764.9111328125
2017-07-31,382389.0,374307.28125
2017-08-01,387813.0,404609.06640625
2017-08-02,389795.0,392951.703125
2017-08-03,392999.0,392726.66650390625
2017-08-04,364607.0,383224.162109375
2017-08-05,309570.0,322533.34765625
2017-08-06,297737.0,300170.158203125
2017-08-07,340310.0,345951.90234375
2017-08-08,354050.0,350577.0283203125
2017-08-09,358806.0,358376.19921875
2017-08-10,359963.0,366429.75830078125
2017-08-11,368152.0,358635.5148925781
2017-08-12,338436.0,346898.8828125
2017-08-13,326801.0,324400.6953125
2017-08-14,370415.0,366251.15625
2017-08-15,397129.0,381567.5888671875
2017-08-16,407378.0,399347.3635253906
2017-08-17,417209.0,408650.5954589844
2017-08-18,404572.0,391361.86328125
2017-08-19,359065.0,354256.71484375
2017-08-20,359564.0,341594.294921875
2017-08-21,415084.0,391917.591796875
2017-08-22,407347.0,422840.43701171875
2017-08-23,370258.0,389843.423828125
2017-08-24,343708.0,366850.46484375
2017-08-25,331714.0,338471.8359375
2017-08-26,307187.0,311426.14453125
2017-08-27,306649.0,306289.32946777344
2017-08-28,343347.0,355063.015625
2017-08-29,351154.0,350581.7060546875
2017-08-30,356557.0,355959.822265625
2017-08-31,352758.0,364999.7822265625
2017-09-01,316908.0,348281.58447265625
2017-09-02,277547.0,289509.7265625
2017-09-03,281766.0,275332.9404296875
2017-09-04,308542.0,321221.0859375
2017-09-05,338661.0,346499.23828125
2017-09-06,314563.0,341195.3591308594
2017-09-07,313770.0,312641.1915283203
2017-09-08,311672.0,310629.205078125
2017-09-09,285702.0,285234.66796875
2017-09-10,275496.0,278074.7041015625
2017-09-11,312959.0,314349.4296875
2017-09-12,322822.0,319228.98486328125
2017-09-13,329364.0,323563.0938720703
2017-09-14,329840.0,329358.59130239487
2017-09-15,333548.0,318312.48828125
2017-09-16,318927.0,308955.22265625
2017-09-17,317927.0,311294.93701171875
2017-09-18,357343.0,348918.59765625
2017-09-19,356169.0,360703.35400390625
2017-09-20,371577.0,350405.01025390625
2017-09-21,388488.0,369709.2492675781
2017-09-22,387270.0,373202.59375
2017-09-23,357117.0,352400.17578125
2017-09-24,343973.0,341856.5517578125
2017-09-25,384273.0,359971.3408203125
2017-09-26,389731.0,384374.7745285034
2017-09-27,381639.0,384355.494140625
2017-09-28,341527.0,367617.947265625
2017-09-29,316200.0,314260.19140625
2017-09-30,279956.0,287861.87109375
2017-10-01,273102.0,277303.5900878906
2017-10-02,316188.0,314984.390625
2017-10-03,331339.0,325649.3271484375
2017-10-04,341210.0,335216.4138183594
2017-10-05,335703.0,346462.76904296875
2017-10-06,328544.0,327384.9990234375
2017-10-07,315878.0,307932.625
2017-10-08,301889.0,304888.6923828125
2017-10-09,351840.0,331180.466796875
2017-10-10,351766.0,371832.791015625
2017-10-11,344606.0,348288.8381347656
2017-10-12,321690.0,342108.44140625
2017-10-13,317871.0,310978.142578125
2017-10-14,299371.0,299957.259765625
2017-10-15,294509.0,294178.1494140625
2017-10-16,312040.0,332601.26171875
2017-10-17,322774.0,316032.3654785156
2017-10-18,325216.0,325109.60302734375
2017-10-19,319459.0,324921.09881591797
2017-10-20,315150.0,309109.244140625
2017-10-21,287408.0,291065.86328125
2017-10-22,280393.0,279211.4443359375
2017-10-23,313133.0,316475.67578125
2017-10-24,313445.0,321952.607421875
2017-10-25,324324.0,316646.86865234375
2017-10-26,331667.0,327466.439453125
2017-10-27,323498.0,325273.07763671875
2017-10-28,305372.0,298799.91015625
2017-10-29,315250.0,301174.51708984375
2017-10-30,358027.0,352302.74609375
2017-10-31,348892.0,360352.5546875
2017-11-01,348190.0,344895.0480957031
2017-11-02,326441.0,350869.498046875
2017-11-03,315836.0,322595.98779296875
2017-11-04,296228.0,303605.2138671875
2017-11-05,296819.0,291953.15478515625
2017-11-06,317579.0,340573.265625
2017-11-07,337042.0,331965.8359375
2017-11-08,350466.0,344514.43798828125
2017-11-09,352122.0,352824.4873046875
2017-11-10,367495.0,347252.55810546875
2017-11-11,363571.0,361451.01611328125
2017-11-12,336239.0,352905.0654296875
2017-11-13,360492.0,357846.259765625
2017-11-14,362449.0,360768.96423339844
2017-11-15,371627.0,357437.7099609375
2017-11-16,358535.0,369059.9255371094
2017-11-17,356502.0,348343.1298828125
2017-11-18,324239.0,335774.41015625
2017-11-19,331229.0,320895.5344238281
2017-11-20,376104.0,374637.80859375
2017-11-21,366962.0,375858.40562438965
2017-11-22,356644.0,359324.77197265625
2017-11-23,337925.0,354968.8038330078
2017-11-24,326851.0,339359.51135253906
2017-11-25,310404.0,313702.046875
2017-11-26,327851.0,312414.30529785156
2017-11-27,367684.0,371153.6171875
2017-11-28,358689.0,364155.90576171875
2017-11-29,350667.0,352463.96826171875
2017-11-30,352533.0,348457.1809082031
2017-12-01,350211.0,345264.45751953125
2017-12-02,339917.0,332070.548828125
2017-12-03,327569.0,332128.07763671875
2017-12-04,363368.0,354083.876953125
2017-12-05,352854.0,372067.388671875
2017-12-06,383091.0,363579.1103515625
2017-12-07,399318.0,404823.998046875
2017-12-08,413441.0,394520.888671875
2017-12-09,394494.0,391236.958984375
2017-12-10,380702.0,377442.2890625
2017-12-11,398443.0,410364.619140625
2017-12-12,415576.0,394659.1491699219
2017-12-13,436002.0,425701.0703125
2017-12-14,411556.0,431314.5478515625
2017-12-15,424291.0,394179.111328125
2017-12-16,375683.0,403694.984375
2017-12-17,366546.0,349807.04296875
2017-12-18,373903.0,390471.3671875
2017-12-19,358916.0,371590.58544921875
2017-12-20,362297.0,359089.9188232422
2017-12-21,380985.0,364056.49353027344
2017-12-22,350410.0,372829.49609375
2017-12-23,326509.0,325786.197265625
2017-12-24,330255.0,326935.14096069336
2017-12-25,362107.0,367841.5078125
2017-12-26,400713.0,409196.18359375
2017-12-27,439663.0,400119.6979370117
2017-12-28,465511.0,429222.900390625
2017-12-29,434221.0,432921.248046875
2017-12-30,414764.0,392266.16015625
2017-12-31,441162.0,400204.8515625
2018-01-01,468324.0,452370.689453125
2018-01-02,502524.0,493017.849609375
2018-01-03,496690.0,489374.5341796875
2018-01-04,491361.0,470084.4296875
2018-01-05,508004.0,480913.6123046875
2018-01-06,500348.0,474898.72265625
2018-01-07,475281.0,467305.75390625
2018-01-08,437769.0,455525.25
2018-01-09,400218.0,422626.7412109375
2018-01-10,384672.0,406412.91748046875
2018-01-11,356455.0,400376.3681640625
2018-01-12,361633.0,358565.2175292969
2018-01-13,422123.0,377093.9404296875
2018-01-14,441362.0,450817.796875
2018-01-15,464372.0,446044.92138671875
2018-01-16,458549.0,445717.228515625
2018-01-17,487519.0,444937.5283203125
2018-01-18,481559.0,480066.548828125
2018-01-19,434918.0,449726.115234375
2018-01-20,367001.0,393737.37109375
2018-01-21,333898.0,361755.068359375
2018-01-22,348234.0,371812.06640625
2018-01-23,359953.0,370636.57421875
2018-01-24,397789.0,392499.712890625
2018-01-25,403360.0,408232.099609375
2018-01-26,390355.0,387177.8291015625
2018-01-27,348457.0,347069.3515625
2018-01-28,326238.0,335535.3828125
2018-01-29,387501.0,354351.55078125
2018-01-30,431889.0,409013.099609375
2018-01-31,422231.0,429999.03674316406
2018-02-01,392972.0,402152.908203125
2018-02-02,443518.0,385967.09033203125
2018-02-03,426770.0,441359.1477050781
2018-02-04,380323.0,394088.1796875
2018-02-05,426724.0,418177.2890625
2018-02-06,421241.0,450652.015625
2018-02-07,418215.0,412075.28515625
2018-02-08,424763.0,423213.001953125
2018-02-09,404233.0,421171.65673828125
2018-02-10,357500.0,365692.1484375
2018-02-11,337248.0,349637.451171875
2018-02-12,384094.0,381966.86328125
2018-02-13,397955.0,390817.83349609375
2018-02-14,369818.0,383259.3603515625
2018-02-15,335272.0,355152.3955078125
2018-02-16,343395.0,329475.07275390625
2018-02-17,365337.0,332900.94921875
2018-02-18,334161.0,363008.3752441406
2018-02-19,348909.0,359180.724609375
2018-02-20,324360.0,375621.322265625
2018-02-21,325259.0,328692.35595703125
2018-02-22,345087.0,344478.744140625
2018-02-23,325896.0,342222.8366699219
2018-02-24,303851.0,298434.71875
2018-02-25,295965.0,312131.5322265625
2018-02-26,340296.0,342738.734375
2018-02-27,354475.0,349135.19921875
2018-02-28,338281.0,345878.40625
2018-03-01,344032.0,334081.875
2018-03-02,367291.0,350331.91259765625
2018-03-03,349476.0,352192.07421875
2018-03-04,340154.0,335910.2880859375
2018-03-05,373271.0,371229.08203125
2018-03-06,360340.0,368234.91845703125
2018-03-07,382954.0,351336.6884765625
2018-03-08,404747.0,385758.2019042969
2018-03-09,397214.0,391746.9853515625
2018-03-10,355135.0,364320.4453125
2018-03-11,328186.0,336068.61328125
2018-03-12,390143.0,360262.203125
2018-03-13,400009.0,398647.830078125
2018-03-14,410640.0,387191.275390625
2018-03-15,385679.0,402753.25
2018-03-16,372149.0,363061.59765625
2018-03-17,350281.0,344654.23046875
2018-03-18,315263.0,337487.7978515625
2018-03-19,347276.0,338931.64453125
2018-03-20,369195.0,362844.2578125
2018-03-21,398255.0,376272.51220703125
2018-03-22,387598.0,399054.56286621094
2018-03-23,376075.0,367323.13671875
2018-03-24,368372.0,343409.3984375
2018-03-25,340822.0,350449.9296875
2018-03-26,361411.0,361482.712890625
2018-03-27,355959.0,356808.84912109375
2018-03-28,336093.0,349404.03369140625
2018-03-29,329962.0,334041.9465332031
2018-03-30,315710.0,326399.04150390625
2018-03-31,314954.0,302943.5390625
2018-04-01,293306.0,308424.087890625
2018-04-02,340887.0,330500.46875
2018-04-03,338604.0,353125.9248046875
2018-04-04,344124.0,342799.3662109375
2018-04-05,362570.0,361583.716796875
2018-04-06,343354.0,351509.6552734375
2018-04-07,343202.0,308650.52734375
2018-04-08,339525.0,340243.11669921875
2018-04-09,373844.0,368458.203125
2018-04-10,361992.0,371119.6513671875
2018-04-11,339926.0,353289.4248046875
2018-04-12,326132.0,331824.50048828125
2018-04-13,313577.0,313786.150390625
2018-04-14,294034.0,283631.724609375
2018-04-15,294163.0,287777.96630859375
2018-04-16,355899.0,348380.078125
2018-04-17,379252.0,374960.849609375
2018-04-18,347182.0,375754.1931152344
2018-04-19,340972.0,334746.4150390625
2018-04-20,342226.0,334706.21875
2018-04-21,309700.0,307093.78125
2018-04-22,286784.0,287167.1171875
2018-04-23,315207.0,316191.2109375
2018-04-24,281370.0,322705.22119140625
2018-04-25,317392.0,284442.0244140625
2018-04-26,315787.0,330646.8125
2018-04-27,311136.0,306012.912109375
2018-04-28,293702.0,290928.361328125
2018-04-29,291763.0,292325.4035644531
2018-04-30,322644.0,320302.771484375
2018-05-01,318045.0,322983.0603942871
2018-05-02,327388.0,317328.81549072266
2018-05-03,341214.0,332438.67138671875
2018-05-04,329415.0,327690.7978515625
2018-05-05,285652.0,292008.31640625
2018-05-06,280322.0,278464.89794921875
2018-05-07,311340.0,324897.5
2018-05-08,319082.0,318521.947265625
2018-05-09,328530.0,322022.7917480469
2018-05-10,335838.0,331067.3303222656
2018-05-11,324604.0,319544.4326171875
2018-05-12,310630.0,291775.26953125
2018-05-13,307981.0,300279.0126953125
2018-05-14,360114.0,341006.92578125
2018-05-15,364123.0,366847.59423828125
2018-05-16,334210.0,356840.162109375
2018-05-17,347176.0,328900.5693359375
2018-05-18,328424.0,340547.091796875
2018-05-19,313060.0,292717.31640625
2018-05-20,316059.0,306728.2236328125
2018-05-21,353488.0,348568.80078125
2018-05-22,356571.0,358865.88720703125
2018-05-23,347750.0,355015.71533203125
2018-05-24,351750.0,347103.9520263672
2018-05-25,363291.0,344446.4794921875
2018-05-26,334508.0,339401.744140625
2018-05-27,340760.0,321954.28125
2018-05-28,361054.0,363314.2265625
2018-05-29,405705.0,399568.6640625
2018-05-30,403182.0,407070.73986816406
2018-05-31,401786.0,379848.1484375
2018-06-01,377632.0,370696.138671875
2018-06-02,341092.0,338284.43359375
2018-06-03,331791.0,331552.7392578125
2018-06-04,339060.0,358307.107421875
2018-06-05,330647.0,337795.70263671875
2018-06-06,322825.0,334572.046875
2018-06-07,345466.0,333311.55859375
2018-06-08,360961.0,349167.01708984375
2018-06-09,344637.0,341658.1484375
2018-06-10,332454.0,342818.5263671875
2018-06-11,348883.0,370828.76953125
2018-06-12,353857.0,357109.833984375
2018-06-13,373453.0,359108.20849609375
2018-06-14,372490.0,375973.5246582031
2018-06-15,374066.0,369264.7490234375
2018-06-16,367177.0,361212.869140625
2018-06-17,388221.0,373261.90771484375
2018-06-18,446178.0,427647.265625
2018-06-19,434078.0,445241.25311279297
2018-06-20,405651.0,418099.53515625
2018-06-21,373137.0,397232.34375
2018-06-22,366560.0,351713.986328125
2018-06-23,338479.0,335975.58984375
2018-06-24,346565.0,319893.125
2018-06-25,365644.0,370843.7734375
2018-06-26,361241.0,368588.10986328125
2018-06-27,368290.0,367661.16943359375
2018-06-28,394806.0,359099.2978515625
2018-06-29,412192.0,386954.5146484375
2018-06-30,402247.0,384799.146484375
2018-07-01,403171.0,392835.404296875
2018-07-02,420069.0,414865.1865234375
2018-07-03,422164.0,415435.7841796875
2018-07-04,408204.0,423100.89453125
2018-07-05,422616.0,428062.111328125
2018-07-06,377830.0,420993.9012451172
2018-07-07,326648.0,341667.04296875
2018-07-08,330449.0,329981.30615234375
2018-07-09,394256.0,382311.328125
2018-07-10,419744.0,414385.595703125
2018-07-11,401139.0,420843.7072753906
2018-07-12,391940.0,396762.10205078125
2018-07-13,405871.0,389692.8203125
2018-07-14,395721.0,384775.9921875
2018-07-15,391109.0,384905.669921875
2018-07-16,417601.0,417193.31640625
2018-07-17,415467.0,410907.88427734375
2018-07-18,379537.0,404846.0283203125
2018-07-19,381358.0,379194.9726867676
2018-07-20,367980.0,381314.2534942627
2018-07-21,331086.0,331220.87109375
2018-07-22,323504.0,320812.173828125
2018-07-23,369842.0,364407.234375
2018-07-24,381373.0,382988.9287109375
2018-07-25,396080.0,386401.05859375
2018-07-26,395382.0,398923.634765625
2018-07-27,379599.0,387948.44677734375
2018-07-28,338714.0,343373.66796875
2018-07-29,327792.0,332313.14111328125
2018-07-30,368834.0,366677.36328125
2018-07-31,364327.0,379190.91015625
2018-08-01,363628.0,363813.6012573242
2018-08-02,376504.0,369015.24267578125
